"state_county_FIPS","sum_bw"
"10001",179672.18
"10003",582110.92
"10005",280375.25
"1001",256646.65
"1003",1204895.24
"1005",154100.45
"1007",38911.73
"1009",529074.78
"1011",47199.71
"1013",34146.36
"1015",340403.99
"1017",158145.87
"1019",10226.87
"1021",224806.91
"1023",143941.26
"1025",70293.22
"1027",10500.76
"1029",5754.55
"1031",93299.66
"1033",56362.38
"1035",36165.86
"1037",970.75
"1039",64976.18
"1041",27642.46
"1043",143413.45
"1045",80939.65
"1047",166241.96
"1051",431818.88
"1053",117643.04
"1055",320743.52
"1057",19397.39
"1059",53379.88
"1061",31919.02
"1063",9995.07
"1065",30224.3
"1067",28936.08
"1069",380237.62
"1071",93992.79
"1073",3820038.34
"1075",19220.98
"1077",492778.04
"1079",62048.4
"1081",289764.89
"1083",171740.17
"1085",168134.41
"1087",282843.52
"1089",1884002.74
"1091",148538.26
"1093",6555.26
"1095",313812.66
"1097",2328470.79
"1099",178726.88
"11001",802107.79
"1101",5224778.26
"1103",464694.2
"1105",13034.25
"1107",650.43
"1109",103838.76
"1111",5116.66
"1113",36429.33
"1117",580153.4
"1119",15998.77
"1121",51612.16
"1123",105171.6
"1125",438866.11
"1127",111200.06
"1129",44951.58
"1131",20062.73
"1133",46573.83
"12001",1042273.19
"12003",129274.19
"12005",1081373.58
"12007",115488.38
"12009",1530980.84
"12011",8925741.01
"12013",14592.08
"12015",216416.61
"12017",539010.83
"12019",623259.01
"12021",2426909.93
"12023",83562.94
"12029",5319.75
"12031",9009626.44
"12033",1808408.79
"12035",417665.17
"12037",144716.12
"12039",414270.77
"12041",91969.32
"12043",5069.22
"12045",16367.2
"12047",12027.88
"12049",144576.58
"12051",141292.48
"12053",418126.99
"12055",224414.57
"12057",11944273.03
"12059",26800.55
"12061",501685.57
"12063",57067.44
"12065",28301.31
"12067",46075.09
"12069",802032.72
"12071",2500432.52
"12073",2743706.31
"12075",158319.75
"12077",48980.29
"12079",40916.91
"12081",1265175.79
"12083",854927.05
"12085",293113.05
"12086",28680327.21
"12087",587305.45
"12089",327144.34
"12091",832427.51
"12093",157013.33
"12095",7846657.96
"12097",836175.9
"12099",8133220.73
"12101",1786294.37
"12103",8988813.57
"12105",1942972.68
"12107",124742.95
"12109",0
"12111",4155.93
"12113",557670.03
"12115",1850049.16
"12117",1589524.17
"12119",320608.94
"12121",177480.24
"12123",79048.29
"12125",38918.81
"12127",2267750.67
"12129",47193.3
"12131",293459.98
"12133",70296.52
"13001",32960.87
"13003",38342.35
"13005",14224.59
"13007",4335
"13009",221222.6
"13011",4989.7
"13013",150070.88
"13015",163808.58
"13017",40465.98
"13019",4691.6
"13021",1233711.17
"13023",5905.15
"13025",9700.33
"13027",3106.58
"13029",70363.72
"13031",392021.43
"13033",468667.41
"13035",106171.35
"13037",4345
"13039",175297.54
"13043",7500.31
"13045",309725.64
"13047",98349.59
"13049",4609.04
"13051",1693054.92
"13053",4112.05
"13055",21688.91
"13057",404469.67
"13059",209040.91
"13063",1301361.93
"13065",17949.26
"13067",3208583.46
"13069",166710.18
"13071",101559.75
"13073",499625.93
"13075",101469.39
"13077",206833.84
"13079",48782.86
"13081",31562.19
"13083",0
"13085",60791.01
"13087",108471.19
"13091",137862.01
"13093",87549.46
"13095",635924.18
"13097",332383.64
"13099",6891.97
"13101",0
"13103",94730.38
"13105",25169.3
"13107",21187.23
"13109",59149.2
"13111",18031.69
"13113",356389.15
"13115",59165.18
"13117",885859.06
"13119",203301.03
"13121",7880572.25
"13123",61352.18
"13125",2250.75
"13127",658224.43
"13129",176625.66
"13131",29273.33
"13133",47284.33
"13135",5635478.55
"13137",54531.72
"13139",640519.46
"13141",24621.86
"13143",28702.99
"13145",1784.67
"13147",50423.05
"13149",6350.28
"13151",581363.01
"13153",394180.82
"13155",19956.88
"13157",213756.61
"13159",102.72
"13161",84144.4
"13163",8225.56
"13165",18841.19
"13167",15577.02
"13169",57605.83
"13171",37125
"13173",2228.46
"13175",88178.48
"13177",75748.11
"13179",180297.73
"13181",13340.16
"13183",50616.1
"13185",488891.59
"13187",57718.45
"13189",99233.75
"13191",37761.31
"13193",5698.67
"13195",53053.17
"13197",63510.49
"13199",5227.11
"13201",20919.27
"13205",16941.78
"13207",76733.77
"13209",19892.07
"13211",7887.35
"13213",23410.78
"13215",364169.2
"13217",319566.44
"13219",77158.71
"13221",21202.47
"13223",194263.73
"13225",159036.11
"13227",92530.17
"13229",203928
"13231",34769.55
"13233",214808.28
"13235",14017.67
"13237",11977.29
"13241",3060.1
"13243",0
"13245",734125.34
"13247",365910.18
"13251",43127.26
"13253",520
"13255",50439.44
"13257",98974.5
"13259",10043.76
"13261",16711.01
"13265",4787.74
"13267",134681.02
"13269",11599.91
"13271",8122.31
"13273",23406.68
"13275",193416.3
"13277",175959.78
"13279",452969.94
"13281",16880.47
"13283",16412.84
"13285",344806.76
"13287",25543.2
"13289",20546.16
"13291",47576.88
"13293",92593.1
"13295",45663.81
"13297",395505.84
"13299",180305.25
"13301",34214.26
"13303",52605.34
"13305",70705.55
"13309",39094.94
"13311",51112.32
"13313",477320.98
"13315",7794.22
"13317",8589.37
"13319",11235.76
"13321",9672.38
"15001",1245792.93
"15003",7488196.99
"15007",463414.77
"15009",1195412.85
"16001",2065067.45
"16003",1049.49
"16005",225927.15
"16007",397.59
"16009",62047.57
"16011",171484.14
"16013",190946.81
"16015",3043.98
"16017",442718.6
"16019",323135.28
"16021",48768.22
"16023",6817.36
"16027",922288.84
"16029",12336.77
"16031",45239.16
"16033",104.39
"16035",0
"16037",902.59
"16039",151466.61
"16041",2527.92
"16043",21958.55
"16045",37329.79
"16047",17292.45
"16049",12567.53
"16051",45876.34
"16053",91996.13
"16055",591273.15
"16057",16808.71
"16059",5135.13
"16061",1121.08
"16063",0
"16065",27384.18
"16067",58890.55
"16069",100631.44
"16071",106072.72
"16073",15738.94
"16075",6467.6
"16077",0
"16079",244280.6
"16081",13859.06
"16083",189983.14
"16085",56486.14
"17001",166611.17
"17003",3166
"17005",1863.9
"17007",70353.68
"17009",0
"17011",9699.31
"17013",0
"17015",0
"17017",10713.7
"17019",444923.71
"17021",79698.31
"17023",25982.7
"17025",4181.93
"17027",10999.39
"17029",231010.59
"17031",24642720.71
"17033",70547.81
"17035",686.97
"17039",1859.26
"17041",34452.37
"17045",6212
"17047",30724.42
"17049",142014.09
"17051",2033.84
"17053",2600.28
"17055",64891.96
"17057",76992.35
"17059",816865.53
"17061",1330.67
"17063",67813.68
"17065",0
"17067",1466.73
"17069",2060
"17071",0
"17073",33481.39
"17075",121519.86
"17077",30374.74
"17079",0
"17081",28105.14
"17083",1716.5
"17085",107535.08
"17087",0
"17089",1248568.24
"17091",186531.22
"17093",164025.27
"17095",36322.56
"17097",3298312.39
"17101",20068.06
"17103",16407.65
"17105",38663.89
"17107",14136
"17109",31613.68
"17111",316338.94
"17113",880027.89
"17115",532020.14
"17117",46893.22
"17119",655332.81
"17121",91771.97
"17123",57029.87
"17125",16314.09
"17127",6242.89
"17129",5637.7
"17131",1598
"17133",95750.92
"17135",109451.68
"17137",105701.23
"17139",38844.39
"17141",5282.05
"17143",666484.78
"17145",0
"17147",0
"17149",7573.5
"17151",0
"17153",3658.71
"17155",0
"17157",34257
"17159",91507.44
"17161",559821.73
"17163",1199.12
"17165",29977.05
"17167",6152136.52
"17169",975.71
"17173",17976.27
"17175",0
"17177",31475.5
"17179",246481.79
"17181",88323.86
"17183",162580.04
"17185",10224.54
"17187",4477.05
"17189",8998.82
"17191",29062.78
"17193",41691.56
"17195",24815.38
"17197",1407682.95
"17199",29619.37
"17201",473872.42
"17203",20989.27
"18001",43022.04
"18003",634908.33
"18005",299857.21
"18007",4737.69
"18009",0
"18011",84679.99
"18013",66465.42
"18015",3245.48
"18017",11280.2
"18019",235546.32
"18021",17612.03
"18023",20570.2
"18025",0
"18027",76387.02
"18029",61633.57
"18031",3415
"18035",480464.31
"18037",92606.64
"18039",1659148.37
"18041",0
"18043",396178.27
"18045",3486.18
"18047",3542
"18049",8545.12
"18051",5340.45
"18053",61095.08
"18055",3850.64
"18057",596812.69
"18059",215178.09
"18061",34436.23
"18063",210918.18
"18065",291873.62
"18067",119155.73
"18069",88966.93
"18071",2846.74
"18073",70335.65
"18075",35800.39
"18077",12079.72
"18079",133465.35
"18081",214954.62
"18083",100222.09
"18085",207572.64
"18089",1590884.91
"18093",77450.6
"18095",895291.72
"18097",2543688.46
"18099",31929.82
"18101",0
"18103",76355.71
"18105",124151.02
"18107",12292.15
"18109",71389.19
"18111",5745.79
"18113",8228.93
"18115",0
"18117",95973.7
"18119",57982.2
"18121",0
"18123",37868.76
"18125",0
"18127",317859.67
"18129",1354.35
"18131",0
"18133",37134.86
"18135",19051.33
"18137",48276.27
"18139",39848.56
"18141",43451.4
"18143",23062.78
"18145",2316.49
"18147",1685.8
"18149",8133.9
"18151",135136.95
"18153",11483.25
"18155",6165.24
"18157",777644.48
"18159",10965.41
"18163",1215739.73
"18165",676.5
"18167",120473.55
"18169",76632.42
"18171",3272.21
"18173",72820.05
"18175",15563.2
"18177",569977.34
"18179",32920.97
"18181",70491.09
"18183",16892.95
"19001",224.45
"19003",300.52
"19005",9196.65
"19007",16076.46
"19009",1018.04
"19011",127337.02
"19013",322080.08
"19015",52193.35
"19017",16590.1
"19019",28645.43
"19021",19304.14
"19023",308.41
"19025",6826.27
"19027",80820.59
"19029",29560.09
"19031",29998.72
"19033",67838.29
"19035",22353.07
"19037",10705.14
"19039",133746.76
"19041",82335.74
"19043",144743.2
"19045",51203.57
"19047",60763.66
"19049",949662.97
"19051",60958.31
"19053",58796.4
"19055",17606.74
"19057",118637.38
"19059",24683.8
"19061",224912.54
"19063",6865.22
"19065",15245.49
"19067",6868.23
"19069",29674.69
"19071",46230.98
"19073",10509.75
"19075",42502.88
"19077",10957.41
"19079",17234.22
"19081",7753.63
"19083",7705.04
"19085",75684.74
"19087",35526.53
"19089",1762.78
"19091",0
"19093",4426.74
"19095",404637.3
"19097",14804.75
"19099",99695.42
"19101",47773.33
"19103",827266.87
"19105",8802.71
"19107",10148.22
"19109",35068.91
"19111",120652.76
"19113",776707.27
"19115",6059.34
"19117",20364.62
"19119",117.72
"19121",225801.9
"19123",144320.15
"19125",29435.47
"19127",317786.3
"19129",7405.33
"19131",10932.21
"19133",1000.4
"19135",20138.75
"19137",3266.35
"19139",89170.99
"19143",1777.86
"19145",37855.13
"19147",19470.15
"19149",21176.1
"19151",6951.9
"19153",2373917.23
"19155",172765.78
"19157",51165.07
"19159",16781.85
"19161",5295.33
"19163",538271.29
"19165",49980.18
"19167",98553.32
"19169",447025.63
"19171",31221.54
"19173",223.06
"19175",11645.44
"19177",4065.48
"19179",106192.92
"19181",87587.92
"19183",44129.97
"19185",0
"19187",142759.5
"19189",51968.33
"19191",94944
"19193",153098.47
"19195",33488.96
"19197",12644.77
"20001",37093.72
"20003",9366.09
"20005",7115.85
"20007",0
"20009",106260.2
"20011",8391.43
"20013",0
"20015",374761.89
"20017",21422.8
"20019",2192.71
"20021",37435.4
"20025",0
"20027",34248.61
"20029",5317.15
"20031",19269.38
"20035",150808.5
"20037",120284.54
"20039",7757.97
"20041",43193.76
"20043",7119.03
"20045",485984.07
"20047",799.93
"20049",558.3
"20051",125748.68
"20053",0
"20055",92646.71
"20057",26733.96
"20059",117059.03
"20061",213381.78
"20063",2712.89
"20065",12821.08
"20069",0
"20071",0
"20075",4607.52
"20077",7743.67
"20079",30135.1
"20081",1370.53
"20085",26004.67
"20087",29874.34
"20089",4046.49
"20091",6760700.55
"20093",5353.97
"20095",42065.89
"20097",27924
"20099",237389.89
"20101",475.58
"20103",85248.63
"20105",628.16
"20107",2942.83
"20111",57387.42
"20113",214784.49
"20115",21463.63
"20117",14398.84
"20119",8583.95
"20121",55233.17
"20123",670.36
"20125",2135266.08
"20127",308.2
"20129",1445.63
"20131",140772.75
"20133",76603.89
"20135",14078.22
"20137",9953.82
"20139",20988.31
"20141",4345.39
"20143",0
"20145",15006.49
"20147",6737.04
"20149",111501.19
"20151",23760.14
"20153",0
"20155",143321.41
"20157",41877.86
"20159",4688.89
"20161",169385.05
"20163",6460.26
"20167",15463.95
"20169",286502.36
"20171",0
"20173",3151203.18
"20175",18544.03
"20177",1198433.29
"20179",16278.3
"20181",26963.3
"20183",639.16
"20185",5482.47
"20187",0
"20189",4463.13
"20191",13206.37
"20193",5381.34
"20195",26517.42
"20197",0
"20201",18074.48
"20205",135215.37
"20207",9104.72
"20209",892127.61
"2050",0
"2060",0
"2070",0
"2090",510776.93
"21001",52505.22
"21003",151.98
"21005",88556.43
"21007",719.47
"21009",22115.58
"21011",30283.66
"21013",46642.41
"21015",929947.9
"21017",5653.62
"21019",78117.04
"21021",59540.67
"21023",0
"21025",4090.99
"21027",6094.81
"21029",11145.86
"21031",486.2
"21033",7926.22
"21035",138148.44
"21037",98676.3
"21039",0
"21041",471894.83
"21043",54745.81
"21045",2968.27
"21047",99553
"21049",98231.8
"21051",9628.18
"21053",2694.69
"21055",6829.77
"21059",136983.87
"21061",0
"21065",2736.77
"21067",1156732.3
"21069",3091.64
"21071",34208.69
"21073",33531.74
"21075",159.65
"21077",1330
"21079",1439.3
"21081",81626.45
"21083",3958.09
"21085",12283.24
"21087",30201.5
"21089",20367.94
"21091",0
"21093",173622.11
"21095",15441.64
"21097",13536.26
"21099",0
"21101",7575.66
"21103",12544.89
"21105",16551.79
"21107",69477.82
"21109",8226.16
"21111",3985486.8
"21113",122839.56
"21115",0
"21117",240283.77
"21119",647.58
"21121",22759.56
"21123",965.15
"21125",28268.16
"21127",2860.86
"21129",198.27
"21131",49445.08
"21133",191581.47
"21135",2952.17
"21137",8319.19
"21139",1165.11
"21141",28627.72
"21143",12869.11
"21145",167422.66
"21147",101.45
"21149",23583.44
"21151",146149.57
"21153",0
"21155",42815.64
"21157",48799.64
"21159",271996.03
"21161",3106.42
"21163",43557.2
"21165",2905.05
"21167",101981.6
"21169",0
"21171",1068.77
"21173",12038.18
"21175",4183.92
"21177",6838.58
"21179",18057.8
"21181",7365.34
"21183",3345.13
"21185",41975.07
"21187",0
"21189",0
"21193",76627.16
"21195",155865.44
"21197",45465.64
"21199",67757.9
"21201",0
"21203",612.81
"21205",7966.75
"21207",113740.86
"21209",81298.71
"21211",235056.91
"21213",8587.77
"21215",5381.45
"21217",10067.3
"21219",0
"2122",364077.54
"21221",14796.04
"21223",3500.17
"21225",548.42
"21227",222924.48
"21229",0
"21231",4477.73
"21233",850.3
"21235",82604.6
"21237",1233.1
"21239",157357.09
"2130",740.96
"2150",1770.25
"2164",1238550.88
"2170",8414.33
"2180",13245.75
"2185",0
"2188",2141.96
"2198",2686.26
"22001",239214.4
"22003",8694.54
"22005",637852.9
"22007",15896.83
"22009",94145.88
"22011",18834.22
"22013",67876.69
"22015",567794.38
"22017",1659303.78
"22019",1140443.64
"22021",76424.35
"22025",22144.46
"22027",21124.3
"22029",60070.87
"22031",73918.05
"22033",2452109.87
"22035",552.83
"22037",18977.37
"22039",245746.39
"22041",93624.2
"22043",48660.62
"22045",518014.33
"22047",167999.01
"22049",15725.57
"22051",6398949.2
"22053",22440.9
"22055",4129711.99
"22057",663365.33
"22059",646813.87
"22061",95432.43
"22063",148541.42
"22065",20419.1
"22067",124232.55
"22069",112576.56
"22071",4110391.89
"22073",1342247.2
"22075",130805.19
"22077",54013.09
"22079",551626.06
"22081",6365.95
"22083",25288
"22085",9009.64
"22097",1045.26
"22101",374502.84
"22103",102301.76
"22105",836154.94
"22107",43058.73
"22109",2322215.15
"22111",31255.87
"22113",142402.37
"22115",85351.69
"22117",0
"22119",206749.41
"22121",110711.29
"22123",7258.81
"22125",9647.93
"22127",31206.58
"2240",0
"2261",0
"2270",6494
"23001",85169.64
"23003",27441.71
"23005",899935.53
"23007",17131.98
"23009",110925.98
"23011",272274.45
"23013",86050.26
"23015",20255.87
"23017",33833.81
"23019",408659.59
"23021",3835.09
"23023",14121.2
"23025",44541.57
"23027",23251.77
"23029",93544.52
"23031",301914.73
"24001",22009.53
"24003",1372780.93
"24005",854120.82
"24009",21221.69
"24011",6548.37
"24013",131760.06
"24015",74554.71
"24017",40688.31
"24019",229549.52
"24021",298469.68
"24023",38154.13
"24025",226793.36
"24027",525378.49
"24029",401.29
"24031",1344440.47
"24033",1245686.49
"24035",85800.07
"24039",24623.46
"24041",85146.93
"24043",208104.29
"24045",158354.97
"24047",170385.29
"25001",579450.35
"25003",172717.46
"25005",1584799.49
"25007",57777.62
"25009",2727291.5
"25011",270145.09
"25013",472114.49
"25015",644658.15
"25017",8173957.04
"25019",132365.01
"25021",6135693.28
"25023",1481661.76
"25025",6738870.57
"25027",2138763.23
"26001",30086.55
"26003",11413.03
"26005",328882.2
"26007",19392.12
"26009",58512.68
"26011",22928.3
"26013",3747.8
"26015",97064.27
"26017",104870.94
"26019",17050.55
"26021",308455.85
"26023",55667.89
"26025",394020.54
"26027",23398.21
"26029",14016.48
"26031",11863.25
"26033",31789.43
"26035",45172.46
"26037",29383.98
"26039",38433.15
"26041",86695.53
"26043",36244.8
"26045",220249.67
"26047",305268.49
"26049",1283094.73
"26051",6289.33
"26053",9926.35
"26055",387676.86
"26057",98761.07
"26059",72902.71
"26061",30124.45
"26063",132423.53
"26065",716645.2
"26067",198077.21
"26069",6973.6
"26071",30002.59
"26073",75067.61
"26075",367276.49
"26077",913103.96
"26079",22219.4
"26081",2310593.71
"26085",155990.24
"26087",150976.35
"26089",24464.43
"26091",60772.06
"26093",561853.62
"26097",241682.79
"26099",5620793.58
"26101",51133.86
"26103",143188.62
"26105",41787.81
"26107",102087.12
"26109",3041.33
"26111",51298.13
"26113",7735.73
"26115",163070.88
"26117",21628.25
"26119",753.07
"26121",526099.38
"26123",211271.66
"26125",6209224.64
"26127",364861.74
"26129",73895.1
"26131",0
"26133",2248.83
"26135",2132.31
"26137",89704.28
"26139",462839.71
"26141",6340.3
"26143",56716.56
"26145",194577.33
"26151",43167.51
"26153",5381.96
"26155",11212.37
"26157",51238.81
"26159",294392.54
"26161",1319732.2
"26163",7427941.21
"26165",37183.32
"27003",1137355.91
"27005",19809.22
"27007",71467.63
"27009",42115.76
"27013",397526.06
"27015",3632.15
"27017",7416.57
"27019",467315.62
"27021",75629.69
"27023",7621.23
"27025",7386.11
"27027",5862.58
"27029",131559.86
"27031",37662.19
"27033",15374.3
"27035",145980.5
"27037",1006451.87
"27039",1145.86
"27041",86508.66
"27043",4417.71
"27045",0
"27047",51804.92
"27049",81216.92
"27051",3347.79
"27053",3989412.94
"27055",0
"27057",36063.49
"27059",19196.36
"27061",183213.91
"27065",2915.45
"27067",17120.53
"27069",0
"27071",13724.08
"27075",18711.29
"27077",3479.42
"27079",12548.76
"27081",0
"27083",87234.27
"27085",18727.99
"27087",0
"27089",0
"27091",14341.11
"27093",10954.28
"27095",257262.25
"27097",12024.33
"27099",20424.88
"27101",51842.56
"27103",22985.52
"27105",101297.52
"27107",990.18
"27109",79342.29
"27111",32997.4
"27113",0
"27115",61152.32
"27117",338.38
"27119",25725.93
"27123",1852306.61
"27125",8780.62
"27129",746.96
"27131",80869.69
"27133",202065.77
"27135",2900.42
"27139",377793.58
"27141",543087.37
"27143",11236.48
"27145",145393.59
"27147",17691.13
"27149",12717.77
"27151",0
"27153",0
"27155",2771.41
"27157",65057.49
"27159",22851.23
"27161",1405.55
"27163",399664.49
"27165",5537.91
"27167",18126.53
"27169",24622.99
"27171",397580.48
"27173",666.2
"28001",14606.58
"28003",113122.73
"28005",75244.69
"28007",21640.52
"28009",27538.18
"28011",111869.75
"28013",35331.04
"28015",0
"28017",1104.38
"28019",5047.71
"28021",126939.96
"28023",37684.78
"28025",19576.84
"28027",65775.92
"28029",44621.31
"28031",24288.24
"28033",317471.24
"28035",299331.58
"28039",69269.09
"28041",15054.16
"28043",45933.72
"28045",585948
"28047",2189732.41
"28049",1839359.18
"28051",94199.54
"28053",41229.33
"28055",34736.85
"28057",29779.76
"28059",1725970.13
"28061",19376.68
"28063",177488.27
"28065",1829.58
"28067",755595.79
"28069",0
"28071",131610.34
"28073",405882.22
"28075",556275.51
"28077",1093.05
"28079",173080.93
"28081",396817.19
"28083",125073.34
"28085",286711.57
"28087",230876.74
"28089",469076.83
"28091",719755.67
"28093",32895.74
"28095",107344.87
"28097",124882.32
"28099",110571.99
"28101",70778.44
"28103",14002.61
"28105",78711.66
"28107",87371.92
"28109",60599.44
"28111",21926.18
"28113",28319.58
"28115",52589.28
"28117",121449.8
"28119",73031.05
"28121",643097.18
"28123",436905.12
"28125",86552.86
"28127",63878.05
"28129",7289.54
"28131",63288.35
"28133",137461.61
"28135",2417.51
"28137",72466.4
"28139",22257.49
"28141",22670.57
"28143",187523.68
"28145",44485.01
"28147",0
"28149",150156.08
"28151",93981.84
"28153",49875.77
"28155",0
"28157",20104.58
"28159",39925.49
"28161",4267.92
"28163",63085.22
"29001",117103.28
"29003",3013.57
"29005",366.78
"29007",60929.79
"29009",1289667.5
"29011",4733.87
"29013",10093.7
"29015",55982.32
"29017",5313.03
"29019",445674.38
"29021",342151.54
"29023",346550.89
"29025",16708.48
"29027",72248.57
"29029",244381.7
"29031",584714.68
"29033",2705.24
"29035",2384.96
"29037",419676.09
"29039",504.36
"29041",0
"29043",252076.43
"29045",3704.14
"29047",1308003.83
"29049",26507.54
"29051",143750.22
"29053",4227.65
"29055",130096.17
"29057",0
"29059",27538.87
"29061",496.83
"29065",35600.68
"29067",10787.39
"29069",280422.42
"29071",380769.68
"29073",5271.33
"29075",8155.32
"29077",1411877.31
"29079",76467.02
"29083",47765.03
"29085",94619.74
"29087",6388.04
"29089",0
"29091",118259.06
"29093",34485.47
"29095",3999215.57
"29097",368724.57
"29099",558050.18
"29101",137393.75
"29103",6467.52
"29105",136624.79
"29107",135068.15
"29109",48221.43
"29111",17341.14
"29113",109189.12
"29115",8136.28
"29117",739468.84
"29119",43713.94
"29121",17278.83
"29123",134472.58
"29125",3709.54
"29127",121102.12
"29129",13495
"29131",11146.1
"29133",33689.7
"29135",5910.7
"29137",7116.58
"29139",0
"29141",600.88
"29143",32570.83
"29145",382169.71
"29147",143020.19
"29149",60379.12
"29151",143773.61
"29153",493.44
"29155",26325.06
"29157",20252.77
"29159",157782.83
"29161",82160.08
"29163",6519.57
"29165",329957.92
"29167",43798.16
"29169",115513.41
"29171",235.62
"29173",26874.5
"29175",82957.57
"29177",116066.35
"29179",15780.29
"29181",9043.03
"29183",4936.47
"29189",59.15
"29195",84866.47
"29199",5780.03
"29201",78071.22
"29203",1189.08
"29205",40
"29207",95505.88
"29209",14147.97
"29211",17101.61
"29213",395225.92
"29215",19949.84
"29217",63943.51
"29219",141575.89
"29221",18141.66
"29223",2737.1
"29225",72115.37
"29229",9604.07
"30001",0
"30003",3219.26
"30005",0
"30009",6213.84
"30013",64017.85
"30015",0
"30017",24300.4
"30021",9350.71
"30023",302.94
"30025",0
"30027",5829.21
"30029",84434.71
"30031",157474.9
"30035",5290.3
"30041",0
"30043",31.2
"30045",0
"30047",5971.37
"30049",89460.75
"30053",170.54
"30057",0
"30059",0
"30061",0
"30063",76879.81
"30065",0
"30067",552.88
"30069",0
"30071",0
"30073",0
"30077",0
"30081",0
"30083",10151.16
"30085",13645.22
"30087",0
"30089",10861.98
"30091",0
"30093",14519.3
"30095",1183847.02
"30097",537.81
"30099",0
"30105",0
"30107",0
"30111",1019085.96
"31001",92625.62
"31003",11643.5
"31005",0
"31011",8132.1
"31013",9674.53
"31015",81.6
"31017",15493.56
"31019",160837.77
"31021",63618.89
"31023",4816.95
"31025",33212.79
"31027",1335.1
"31029",8680.84
"31031",20713.47
"31033",22021.75
"31035",6108.61
"31037",76.87
"31039",6643.4
"31041",17800.07
"31043",248737.88
"31045",39370
"31047",87259.22
"31049",10186.66
"31051",5038.1
"31053",127313.37
"31055",4791502.66
"31057",2744.5
"31059",3758.54
"31061",295.02
"31063",12417.06
"31065",13141.77
"31067",46617.9
"31069",30525.53
"31071",2720.41
"31073",11348.34
"31075",0
"31077",0
"31079",414269.13
"31081",17766.65
"31083",16503.38
"31085",0
"31087",3840.21
"31089",52562.62
"31091",0
"31093",21.24
"31095",714.38
"31097",22579.17
"31099",8462.89
"31101",39922.47
"31103",0
"31105",46183.99
"31107",12600.46
"31109",1320306.53
"31111",86160.9
"31113",1464.07
"31117",7531.41
"31119",28815.82
"31121",5071.82
"31123",2940.51
"31125",5421.81
"31127",3606.02
"31129",1105.77
"31131",88796.99
"31133",0
"31135",1952.94
"31137",28920.74
"31139",10955.38
"31141",62198.19
"31143",7089.45
"31145",40897.02
"31147",16861.64
"31149",10207.08
"31151",36108.15
"31153",954261.61
"31155",17107.8
"31157",64284.37
"31159",7623.65
"31161",1741.57
"31163",702.56
"31167",1252.72
"31169",5762.85
"31171",12019.07
"31173",24298.92
"31175",20426
"31177",33215.07
"31179",4865.2
"31181",2730.37
"31185",51930.16
"32001",44095.78
"32003",15134151.72
"32005",55766.55
"32007",2468.71
"32013",121371.72
"32017",587.77
"32019",93703.61
"32023",146953.52
"32027",0
"32029",10752.64
"32031",2402797.3
"32033",4604.26
"32510",339913.2
"33001",224895.46
"33003",199187.52
"33005",926521.03
"33007",43553.33
"33009",190150.81
"33011",2297934.99
"33013",417702.15
"33015",1294032.91
"33017",189849.16
"33019",112733.33
"34001",1717280.52
"34003",7360329.16
"34005",1803099.82
"34007",2161343.27
"34009",196138.48
"34011",954025.59
"34013",7852977.72
"34015",1097169.7
"34017",3668240.43
"34019",294384.62
"34021",770575.63
"34023",6899530.54
"34025",1789681.64
"34027",3733264.13
"34029",1404048.14
"34031",2000876.66
"34033",187436.97
"34035",1376162.06
"34037",525023.35
"34039",4192100.55
"34041",367645.85
"35001",7855197.61
"35003",29114.69
"35005",283961.61
"35006",114567.91
"35007",8228.18
"35009",202313.2
"35013",708655.28
"35015",605691.05
"35017",70848.39
"35023",2169.93
"35025",342429.71
"35027",5279.29
"35028",65815.5
"35029",12456.56
"35031",285483.2
"35035",81620.06
"35037",14612.22
"35039",109248.26
"35041",9578.08
"35043",200361.98
"35045",146164.25
"35047",34508.61
"35049",629535.73
"35051",7778.68
"35053",25662.39
"35055",28584.17
"35057",36144.8
"35061",372247.8
"36001",2431427.3
"36003",241658.92
"36005",4821621.09
"36007",527095.88
"36009",496492.37
"36011",223137.4
"36013",779949.88
"36015",175421.85
"36017",65205.48
"36019",158775.27
"36021",147966.11
"36023",56577.08
"36025",31627.24
"36027",2398276.87
"36029",4526470.43
"36031",62339.52
"36033",3477.17
"36035",77429.78
"36037",211481
"36039",227508.86
"36041",24363.63
"36043",66287.03
"36045",1072206.6
"36047",9556394.47
"36049",2914.67
"36051",65440.84
"36053",131377.59
"36055",5218293.89
"36057",137450.19
"36059",24233784.52
"36061",23844356.16
"36063",955213.44
"36065",910353.09
"36067",1995115.3
"36069",354378.5
"36071",1747804.74
"36073",464888.38
"36075",81087.92
"36077",112676.82
"36079",249374.06
"36081",11597653
"36083",494028.64
"36085",875046.39
"36087",2120672.41
"36089",1457.8
"36091",1091080.06
"36093",1789416.92
"36095",12183.8
"36097",62769.72
"36099",46915.14
"36101",235496.41
"36103",16826192.17
"36105",370363.24
"36107",125183.46
"36109",554858.52
"36111",844749.51
"36113",159541.17
"36115",6171.34
"36117",187029.12
"36119",6718142.33
"36121",46808.11
"36123",80373.53
"37001",738265.55
"37003",109821.11
"37005",185845.07
"37007",44223.3
"37009",65981.2
"37011",56085.01
"37013",303510.6
"37015",66238.2
"37017",30750.58
"37019",618207.09
"37021",1596030.7
"37023",148573.83
"37025",1455799.26
"37027",347406.22
"37029",18892.5
"37031",174168.14
"37033",24730.91
"37035",972166.61
"37037",38702.19
"37039",136449.46
"37041",15640.31
"37043",64921.22
"37045",288565.35
"37047",182761.03
"37049",82702.95
"37051",2020329.58
"37053",47506.2
"37055",286111.83
"37057",361869.9
"37059",43724.73
"37061",1015399.88
"37063",1749779.57
"37065",154233.43
"37067",3496966.95
"37069",118520.57
"37071",726837.67
"37073",0
"37075",685.07
"37077",220601.51
"37079",47207.77
"37081",4143371.33
"37083",52831.25
"37085",566956.56
"37087",113073.99
"37089",376582.82
"37091",12994.79
"37093",84446.32
"37095",26676.75
"37097",1316835.03
"37099",106104.52
"37101",857051.31
"37103",145
"37105",184500.81
"37107",336241.13
"37109",281633.5
"37111",236348.19
"37113",187352.13
"37115",2839.54
"37117",14010.89
"37119",14601233.83
"37121",36068.02
"37123",18783.9
"37125",412664.13
"37127",310713.17
"37129",1076628.65
"37131",58607.03
"37133",555954.1
"37135",347969.81
"37137",32988.88
"37139",65404.91
"37141",191845.98
"37143",1094.39
"37145",73143.93
"37147",1393552.63
"37149",66919.96
"37151",282388
"37153",91221.63
"37155",849099.9
"37157",280287.75
"37159",267065.87
"37161",284564.54
"37163",236193.9
"37165",175020.65
"37167",106548
"37169",18658.9
"37171",461523.58
"37173",117202.07
"37175",29519.49
"37179",1559798.7
"37181",162498.43
"37183",7831783.89
"37185",183745.91
"37187",12249.15
"37189",45048.49
"37191",281984.22
"37193",220710.33
"37195",227450.36
"37197",65585.57
"37199",14709.13
"38001",0
"38003",19507.75
"38005",0
"38009",0
"38011",0
"38015",310306.61
"38017",296507.72
"38019",0
"38021",4255.28
"38023",2992.38
"38025",0
"38031",0
"38035",43225.91
"38037",0
"38039",8895.46
"38043",0
"38047",0
"38049",1159.93
"38051",0
"38053",67319.4
"38055",3066.77
"38057",969.15
"38059",7493.64
"38061",427499.41
"38063",0
"38067",0
"38071",2341.84
"38073",167.26
"38077",16790.96
"38079",8729.62
"38083",52328.64
"38089",471633.2
"38091",0
"38093",8253.27
"38095",893.31
"38097",93.4
"38099",1438.03
"38101",89674.35
"38103",2511.2
"38105",930350.82
"39001",25531.1
"39003",1415635.4
"39005",236011
"39007",296995.83
"39009",68750.2
"39011",133945.76
"39013",38189.48
"39015",124351.48
"39017",2421773.01
"39019",17377.64
"39021",718647.11
"39023",846315.34
"39025",514034.39
"39027",108064.1
"39029",77310.89
"39031",14352.08
"39033",279744.06
"39035",5981691.31
"39037",99830.32
"39039",27945.33
"39041",566975.07
"39043",970713.88
"39045",273790.06
"39047",142003.82
"39049",6902769.12
"39051",11457.36
"39053",37411.2
"39055",484827.78
"39057",623679.19
"39059",20133.45
"39061",5504322.88
"39063",156699.7
"39065",18811.12
"39067",4017
"39069",45844.4
"39071",104941.91
"39073",37437.56
"39075",347587.31
"39077",727516.96
"39079",20487.74
"39081",64920.95
"39083",43067.74
"39085",673624.18
"39087",47779.54
"39089",1054780.23
"39091",57352.79
"39093",660829.51
"39095",1243670.91
"39097",20376.31
"39099",1080449.11
"39101",230385.67
"39103",570524.62
"39105",70486.26
"39107",93412.77
"39109",868412.07
"39111",0
"39113",3317354.3
"39115",38690.66
"39117",68456.19
"39119",40626.17
"39121",15078.09
"39123",229762.11
"39125",6864.25
"39127",151.22
"39129",152268.62
"39131",840.28
"39133",993618.99
"39135",17677.36
"39137",19449.08
"39139",349442.85
"39141",36935.66
"39143",57769.85
"39145",77372.83
"39147",306267.37
"39149",140396.59
"39151",555167.43
"39153",4536687.62
"39155",431931.52
"39157",101627.62
"39159",185522.21
"39161",161258.37
"39163",0
"39165",712157.45
"39167",251884.03
"39169",130466.72
"39171",22712.6
"39173",266920.94
"39175",65733.13
"40001",61318.65
"40003",575
"40005",74456.22
"40007",5476.06
"40009",219979.59
"4001",146865.24
"40011",92814.92
"40013",133127.34
"40015",248080.61
"40017",323521.48
"40019",290104.29
"40021",104579.96
"40023",70287.69
"40025",14033.71
"40027",470338.12
"40029",25109.61
"4003",601047.36
"40031",959052.27
"40033",157707.8
"40035",22508.56
"40037",176539.11
"40039",138959.9
"40041",97002.63
"40043",15967.44
"40047",250057.66
"40049",9832.42
"4005",956163.26
"40051",392304.67
"40053",4240.21
"40055",1924
"40057",14339.96
"40061",176015.16
"40063",23245.9
"40065",130248.97
"40067",43827.15
"40069",15033.98
"4007",63614.53
"40071",112876.6
"40073",34701.49
"40075",17320.66
"40077",10425
"40079",431624.59
"40081",576847.97
"40083",120740.13
"40085",59794.57
"40087",157459.65
"40089",56041.27
"4009",52702.86
"40091",113646.37
"40093",3091.96
"40095",35817.83
"40097",138160.76
"40099",109481.1
"40101",260858.48
"40103",4851.74
"40105",14776.28
"40107",37240.1
"40109",5034680.53
"40111",101655.93
"40113",46557.58
"40115",15670.07
"40117",27376.69
"40119",193244.21
"4012",29089.63
"40121",380269.34
"40123",287247.72
"40125",154726.91
"40127",30454.41
"40129",0
"4013",36282846.87
"40131",317072.05
"40133",112107.95
"40135",70311.47
"40137",121692.52
"40139",492.8
"40141",97759.2
"40143",5262913.03
"40145",129071.3
"40147",122939.41
"40149",12294.68
"4015",702192.36
"40151",13736.98
"40153",59617.27
"4017",338714.37
"4019",5227580.08
"4021",238167.23
"4023",235024.37
"4025",817694.5
"4027",656115.37
"41001",4961.17
"41003",340269.19
"41005",1634369.29
"41007",216641.29
"41009",109182.79
"41011",45385.74
"41015",24517.35
"41017",215864.76
"41019",142349.71
"41021",0
"41023",0
"41025",0
"41027",30366.12
"41029",218614.07
"41031",20780.83
"41033",57375.73
"41035",13400.65
"41039",539835.84
"41041",44305.64
"41043",47519.05
"41045",402165.8
"41047",1235181.26
"41049",7946
"41051",4456197.19
"41053",13545.18
"41055",3057.47
"41057",37719.44
"41059",933547.93
"41061",16882.65
"41065",4943.04
"41067",2520139.45
"41071",198211.98
"42001",351253.98
"42003",8154056.76
"42005",289026.17
"42007",452478.78
"42009",55302.28
"42011",1020136.92
"42013",474318.02
"42015",243668.29
"42017",3404707.92
"42019",1476674.55
"42021",181893.07
"42023",56570.7
"42025",111183.64
"42027",347315.27
"42029",2186652.24
"42031",135654.94
"42033",214764.77
"42035",109389.89
"42037",330217.69
"42039",569454.56
"42041",960062.26
"42043",1028423.07
"42045",1221323.04
"42047",22023.75
"42049",687062.51
"42051",567615.85
"42053",19259.12
"42055",441351.88
"42057",17639.23
"42059",188741.91
"42061",8014.21
"42063",412021.01
"42065",266756.36
"42067",25648.46
"42069",860710.59
"42071",1530057.09
"42073",220009.42
"42075",467782.68
"42077",2288222.31
"42079",1169410.65
"42081",1539238.77
"42083",25177.86
"42085",704805.45
"42087",34097.11
"42089",300241.64
"42091",3077132.67
"42093",63213.97
"42095",1849966.93
"42097",119593.75
"42099",45287.29
"42101",8492277.22
"42103",55090.21
"42105",3077.95
"42107",238283.95
"42109",91705.5
"42111",185845.75
"42113",4688.46
"42115",427298.07
"42117",180979.68
"42119",95344.56
"42121",75619.31
"42123",79125.24
"42125",1660028.28
"42127",38293.77
"42129",941376.09
"42131",5980.26
"42133",1184054.99
"44001",49478.96
"44003",1420262.06
"44005",310270.09
"44007",4001170.51
"44009",1061242.38
"45001",112371.04
"45003",366506.12
"45005",0
"45007",593518.85
"45009",72970.91
"45011",16558.57
"45013",710231.84
"45015",588811.04
"45017",3899.46
"45019",2950560.69
"45021",129186.1
"45023",64961.87
"45025",33366.03
"45027",119884.36
"45029",168769.97
"45031",114442.15
"45033",99400.85
"45035",399464.71
"45037",48495.35
"45039",377235.62
"45041",975187.14
"45043",69253.06
"45045",2979929.76
"45047",277292.95
"45049",8852.16
"45051",1415320.93
"45053",133560.17
"45055",127374.49
"45057",184024.84
"45059",55908.66
"45061",137093.33
"45063",1031818.27
"45067",98649.71
"45069",44985.56
"45071",162463.97
"45073",617699.29
"45075",262578.23
"45077",984349.08
"45079",3024632.45
"45081",2340.18
"45083",1662589.87
"45085",234331.9
"45087",80929.16
"45089",281540.59
"45091",557428.25
"46003",1380.14
"46005",169977.66
"46007",16845.71
"46009",0
"46011",77082.14
"46013",90773.62
"46015",26120.77
"46019",36658.95
"46021",0
"46023",8503.12
"46025",12822.17
"46027",55882.45
"46029",61972.16
"46033",21462.3
"46035",80576.09
"46037",8407.94
"46039",122182.49
"46041",5003.49
"46043",0
"46045",2775.85
"46047",10520.13
"46049",0
"46051",12114.3
"46053",609.58
"46055",2339
"46057",0
"46059",15525.29
"46065",32824.07
"46067",3398.65
"46071",237.19
"46073",0
"46077",67333.78
"46079",8415.37
"46081",122772.72
"46083",543143.22
"46085",47221.55
"46087",0
"46091",790
"46093",205401.45
"46099",964601.33
"46101",53946.86
"46103",672212.96
"46105",16274.25
"46107",0
"46109",9449.42
"46111",0
"46115",4343.49
"46117",1333.71
"46119",7847.84
"46121",5124.66
"46123",0
"46125",7540
"46127",248067.58
"46129",22159.23
"46135",71041.63
"47001",905844.43
"47003",119727.42
"47005",33119.85
"47007",44777.09
"47009",552202.63
"47011",462405.12
"47013",41594.55
"47015",22069.7
"47017",40539.01
"47019",103443.83
"47021",128152.36
"47023",4082.58
"47025",7531.87
"47027",0
"47029",71997.58
"47031",227921.24
"47033",44854.22
"47035",153787.32
"47037",6373735.61
"47039",0
"47043",72125.04
"47045",33686.18
"47047",162241.19
"47049",19308.11
"47051",108246.65
"47053",210431.17
"47055",77076.17
"47057",37958.55
"47059",243343.38
"47061",191892.88
"47063",397717.87
"47065",1966915.85
"47067",2124.23
"47069",105060.69
"47071",10416.93
"47073",38690.96
"47075",101493.31
"47077",80887.33
"47079",102860.38
"47081",50315.36
"47083",3406.66
"47085",40641.24
"47087",16885.37
"47089",164702.24
"47091",13565.11
"47093",3541829.96
"47095",6125.4
"47097",21600.06
"47099",112936.91
"47101",193077.97
"47103",44027.91
"47105",299965.53
"47107",154517.97
"47109",9730.95
"47111",124255.69
"47113",786081.76
"47115",83651.11
"47117",21193.88
"47119",383554.24
"47121",10954.36
"47123",44310.75
"47125",853389.98
"47127",923.57
"47129",21076.41
"47131",19024.4
"47133",8914.63
"47135",0
"47137",0
"47139",35818.3
"47141",450375.6
"47143",184955.48
"47145",87159.91
"47147",91324.2
"47149",1776404.79
"47151",65808.93
"47153",2204.02
"47155",997871.26
"47157",7959039.29
"47159",175838.93
"47161",2517.09
"47163",695720.29
"47165",402774.84
"47167",187824.56
"47169",3138.05
"47171",133903.01
"47173",593.23
"47175",6605.43
"47177",257552.44
"47179",731764.63
"47181",11939
"47183",61325.4
"47185",103988.39
"47187",813406.43
"47189",186463.18
"48001",351020.27
"48003",95602.05
"48005",727112.44
"48007",95193
"48009",3049.79
"48011",181.6
"48013",611210.36
"48015",42042.23
"48017",22395.6
"48019",27980.41
"48021",262759.55
"48023",3729.98
"48025",230230.78
"48027",2703003.15
"48029",8915961.75
"48031",2860.68
"48035",62404.67
"48037",288506.23
"48039",3649489.82
"48041",1319069.68
"48043",40462.49
"48047",52191.49
"48049",143770.37
"48051",7238.91
"48053",92671.32
"48055",180238.19
"48057",185303.96
"48059",41543.8
"48061",6085355.36
"48063",97824.35
"48065",14124.96
"48067",119515.71
"48069",97506.95
"48071",229162.07
"48073",210397.43
"48075",4946.13
"48077",51114.43
"48081",29025.31
"48085",13764441.22
"48087",4757.5
"48089",181620.3
"48091",413643.7
"48093",20478.93
"48095",7567.14
"48097",280577.98
"48099",168306.1
"48103",305.84
"48105",4468.37
"48107",15246.02
"48109",2952.23
"48111",36879.65
"48113",31989238.07
"48115",0
"48117",116235.36
"48119",2816.72
"48121",3767970.82
"48125",0
"48127",391908.65
"48129",8435.25
"48131",167354.55
"48133",48808.59
"48135",1531981.17
"48137",2095.26
"48139",560307.77
"48141",7450326.83
"48143",81861.68
"48145",42158.38
"48147",114880.83
"48149",15816.14
"48151",3436.25
"48153",10196.33
"48157",5266648.42
"48159",7904.13
"48161",333557.8
"48163",100454.5
"48165",19657.37
"48167",3318584.01
"48169",15090.82
"48171",144817.01
"48175",11353.55
"48177",136766.64
"48179",52467.45
"48181",1445867.97
"48183",1085841.25
"48185",65389.26
"48187",378683.73
"48189",51040.65
"48191",0
"48193",40407.66
"48195",9706.41
"48197",31518.72
"48199",136272.46
"48201",92937928.97
"48203",243172.14
"48205",4744.54
"48207",3859.03
"48209",791270.8
"48211",86269.55
"48213",122333.52
"48215",9630763.05
"48217",149381.41
"48219",267073.32
"48221",187133.95
"48223",137486.55
"48225",79053.14
"48227",145238.32
"48229",15729.3
"48231",120491.95
"48233",332409.68
"48237",6869.88
"48239",54199.83
"48241",103828.07
"48243",3545.49
"48245",2515813.42
"48247",2207.46
"48249",1396515.3
"48251",1853549.39
"48253",50429.32
"48255",182222.09
"48257",591355.94
"48259",1339509.22
"48261",288764.27
"48265",132645.11
"48271",4014.28
"48273",166257.45
"48275",171398.5
"48277",203444.72
"48279",88100.17
"48281",63803.12
"48283",89979.64
"48285",85197.2
"48287",49852.65
"48289",63628.44
"48291",700224.1
"48293",37568.23
"48297",70153.98
"48299",55188.04
"48303",2083433.95
"48305",1909.89
"48307",18219.74
"48309",1576806.31
"48311",6705.3
"48313",23363.3
"48315",21544.16
"48319",330
"48321",61242.33
"48323",52717.13
"48325",261313.71
"48327",0
"48329",4008065.04
"48331",180973.53
"48333",40496.82
"48335",6151.05
"48337",114320.13
"48339",3601097.53
"48341",144690.27
"48343",19683.03
"48345",2534.7
"48347",171041.07
"48349",332631.58
"48351",33661.43
"48353",16567.37
"48355",4000808.78
"48357",1137.64
"48359",0
"48361",510803.86
"48363",50316.02
"48365",102464.75
"48367",477750.15
"48369",56151.3
"48371",118074.46
"48373",79572.12
"48375",1145066.74
"48377",0
"48379",47720.97
"48381",1901696.16
"48383",20425.73
"48385",154.96
"48387",59822.69
"48389",75285.22
"48391",83129.23
"48395",88923.53
"48397",532919.8
"48399",72914.43
"48401",157050.46
"48403",73868.12
"48405",4122.68
"48407",87430.3
"48409",274999.94
"48411",203627.67
"48413",8097.46
"48415",33542.75
"48417",58891.73
"48419",13704.89
"48421",712.23
"48423",1284417.89
"48425",38320.55
"48427",292421.55
"48429",15178.05
"48431",1015.39
"48435",3533.29
"48437",0
"48439",12056076.11
"48441",1328546.44
"48445",15064.2
"48447",6055.9
"48449",271116.58
"48451",1179781.55
"48453",9289264.88
"48455",19321.12
"48457",37527
"48459",32873.05
"48461",159.5
"48463",63664.6
"48465",67496.45
"48467",119764.05
"48469",1212046.92
"48471",192421.89
"48473",113890.08
"48475",93223.95
"48477",64006.6
"48479",2703504.03
"48481",339979.21
"48483",2333.6
"48485",587336.44
"48487",17960.11
"48489",85615.82
"48491",2617871.32
"48493",98812.14
"48495",11865.24
"48497",1180186.52
"48499",187473.4
"48501",57076.73
"48503",40060.48
"48505",206000.84
"48507",6343.66
"49001",10344.08
"49003",68158.73
"49005",649814.18
"49007",81779.45
"49011",1507578.79
"49013",67404.36
"49015",275301.81
"49017",145799.49
"49019",63199.46
"49021",40870.27
"49023",99958.37
"49025",5317.59
"49027",28250.94
"49029",31186.41
"49031",979.32
"49033",768.21
"49035",12406921.24
"49037",82804.57
"49039",58182.62
"49041",57169.37
"49043",298419.55
"49045",113428.54
"49047",1962942.53
"49049",5584514.72
"49051",111661.18
"49053",704488.77
"49055",2440.39
"49057",1601304.43
"50001",159878.64
"50003",175644.12
"50005",91273.61
"50007",991340.04
"50009",306.45
"5001",123623.62
"50011",263727.87
"50013",7281.83
"50015",248436.39
"50017",52154.2
"50019",84708.38
"50021",270684.05
"50023",416937.13
"50025",134866.49
"50027",244498.05
"5003",106089.15
"5005",252645.93
"5007",42587970.06
"5009",83604.05
"5011",22024.9
"5013",60
"5015",78731.7
"5017",117109.21
"5019",93982.5
"5021",84950.6
"5023",45975.16
"5025",188.5
"5027",110474.85
"5029",88134.7
"5031",917060.75
"5033",159453.6
"5035",178655.16
"5037",250347.04
"5039",53325.52
"5041",198301.49
"5043",34650.34
"5045",1001678.32
"5047",46910.03
"5049",46216.74
"5051",415243.51
"5053",15974.08
"5055",192943.18
"5057",115379.56
"5059",187145.77
"5061",112319.3
"5063",74116.87
"5065",23171.16
"5067",28307.78
"5069",495440.38
"5071",77034.65
"5073",24397.66
"5075",21207.2
"5077",66786.72
"5079",103645.71
"5081",7648.5
"5083",65803.22
"5085",275729.5
"5087",25616.52
"5089",27168.26
"5091",437826.05
"5093",222260.52
"5095",77261.12
"5097",76473.83
"5099",19918.31
"51001",5590.94
"51003",767789.76
"51005",30209.72
"51007",164061.33
"51009",122858.09
"5101",13248.93
"51011",933.28
"51013",1226237.82
"51015",157377.38
"51017",17578.3
"51019",14237.73
"51021",48282.78
"51023",5897.09
"51025",18066.66
"51027",42412.28
"51029",58498.48
"5103",99009.01
"51031",21661.34
"51033",73983.81
"51035",63686.8
"51036",24236.3
"51037",57056.07
"51041",1057005.01
"51043",3020.26
"51047",153419.81
"51049",487.46
"5105",58616.21
"51051",9699.52
"51053",11680.49
"51057",5442.04
"51059",5220492.59
"51061",155288.52
"51063",189.61
"51065",35369.95
"51067",21614.18
"51069",115632.48
"5107",151846.95
"51071",5870.68
"51073",36389.13
"51075",15994.63
"51077",10298.68
"51079",100631.46
"51081",0
"51083",33285.95
"51085",803294.4
"51087",1146237.72
"51089",26091.49
"5109",101113.11
"51093",4925.13
"51095",137030.2
"51097",1165.5
"51099",77890.25
"51101",501984.3
"51103",5361.36
"51105",105909.61
"51107",860558.35
"51109",57585.04
"5111",180795.33
"51111",7727.66
"51113",14477.59
"51115",10418.83
"51117",74328.68
"51119",11049.21
"51121",165264.88
"51125",982.5
"51127",82717.58
"5113",72808.55
"51131",327299.35
"51133",68951.74
"51135",5987.12
"51137",93151.08
"51139",14633.58
"51141",17891.61
"51143",3384.81
"51145",78950.44
"51147",159893.51
"51149",130305.96
"5115",347141.23
"51153",717930.54
"51155",17817.32
"51157",70431.19
"51159",20370.96
"51161",161568.66
"51163",18582.2
"51165",18991.09
"51167",142477.13
"51169",24098.85
"5117",21118.1
"51171",73148.4
"51173",141297.48
"51175",21205.19
"51177",325481.5
"51179",303275.34
"51183",38694.57
"51185",135524.46
"51187",21906.3
"5119",4645228.48
"51191",254065.77
"51193",118496.34
"51195",303177.81
"51197",214408.31
"51199",159118.72
"5121",125667.94
"5123",0
"5125",474280.76
"5127",12125.04
"5129",7075.05
"5131",515131.8
"5133",30839.5
"5135",15675.24
"5137",34601.86
"5139",258676.57
"5141",40447.25
"5143",1958065.69
"5145",434903.75
"5147",36126.32
"5149",137608.62
"53001",188.5
"53003",1724.99
"53005",616435.38
"53007",169646.96
"53009",19134.49
"53011",527645.35
"53013",0
"53015",104419.32
"53017",85909.94
"53019",2382.31
"53021",299684.93
"53025",97203.55
"53027",79657.61
"53029",189735.8
"53031",24517.55
"53033",12915429.34
"53035",301622.92
"53037",383874.44
"53039",20720.91
"53041",178124.17
"53043",7487.14
"53045",9454.2
"53047",3377.6
"53049",4149.94
"53051",6030.41
"53053",1819982.3
"53055",21683.5
"53057",648488.47
"53059",0
"53061",3876759.74
"53063",849202.68
"53065",21891.84
"53067",1575398.16
"53071",38286.61
"53073",466121.29
"53075",33052.25
"53077",346190.55
"54001",5565.48
"54003",85853
"54005",12494.95
"54007",48345.36
"54009",60343.75
"54011",709028.02
"54013",11103.92
"54015",21975.9
"54017",64516.17
"54019",251088.36
"54021",10381.7
"54023",53509.85
"54025",121482.13
"54027",18163.22
"54029",98841.18
"54031",8072.52
"54033",693217.32
"54035",15294.69
"54037",199546.31
"54039",1575952.41
"54041",34663.72
"54043",71980.66
"54045",82036.2
"54047",94030.89
"54049",131409.46
"54051",21148.61
"54053",107386.77
"54055",280468.09
"54057",25437.82
"54059",15735.64
"54061",579143.28
"54063",39448.05
"54065",27247.94
"54067",24659.46
"54069",144443.48
"54071",9671.4
"54073",14854.17
"54075",40578.96
"54077",17648.2
"54079",389077.6
"54081",342356.57
"54083",82759.04
"54085",47504.64
"54087",2245.37
"54089",11044.63
"54091",95018.07
"54093",8624.16
"54095",33456.98
"54097",38418.54
"54099",219188.93
"54101",5891.82
"54103",200925.74
"54105",0
"54107",498634.44
"54109",9704.9
"55001",0
"55003",27294.22
"55005",30508.65
"55007",260.69
"55009",708640.2
"55011",1123.75
"55015",0
"55017",77954.57
"55019",24613.77
"55021",13580.48
"55023",0
"55025",1380602.65
"55027",90092.33
"55029",14355.11
"55031",188562.27
"55033",24533.07
"55035",45000.39
"55039",0
"55041",696.12
"55043",73860.07
"55045",67941.24
"55047",11153.96
"55049",61651.43
"55051",72047.65
"55053",31925.25
"55055",23653
"55057",0
"55059",368275.93
"55061",768.21
"55063",95176.93
"55065",26860.72
"55067",31172.42
"55069",38939.18
"55071",17976.08
"55073",114840.94
"55075",42006.55
"55077",24500.31
"55078",23751.37
"55079",2668677.76
"55081",10096.66
"55083",36125.24
"55085",51558.52
"55087",280714.31
"55089",191070.04
"55093",81390.9
"55095",206990.88
"55097",396256.39
"55101",380304.3
"55103",2978.97
"55105",105606.67
"55107",2299.16
"55111",300730.97
"55113",19207.18
"55115",21183
"55117",27946.68
"55119",0
"55121",17794.76
"55123",22502.44
"55125",2612.79
"55127",312852.92
"55129",14207.23
"55131",110649.61
"55133",1301747.6
"55135",17902.53
"55137",9573.47
"55139",73081.22
"55141",128802.13
"56001",104247.44
"56003",8660.73
"56005",367991.35
"56007",13175.84
"56009",74936.23
"56011",21189.28
"56013",31884.39
"56015",19619.19
"56017",97439.68
"56019",6538.96
"56021",363742.77
"56023",33810.94
"56025",518743.54
"56027",1523.26
"56029",256305.38
"56031",9831.99
"56033",454575.98
"56035",7970.94
"56037",426382.63
"56039",204954.18
"56041",247441.51
"56043",15363.23
"56045",3848.95
"6001",10401397.16
"6005",15135.39
"6007",71150.93
"6009",4910.1
"6011",19496.83
"6013",4741421.2
"6015",0
"6017",211797.04
"6019",2088856.57
"6021",65786.35
"6023",53943.55
"6025",233362.14
"6027",27570.08
"6029",1046041.57
"6031",376218.64
"6033",38317.6
"6035",0
"6037",73790475.53
"6039",175677.4
"6041",883918.72
"6043",19911.54
"6045",98139.56
"6047",342326.94
"6049",0
"6051",4913.7
"6053",557382.88
"6055",185839.04
"6057",67408.32
"6059",18719569.82
"6061",827556.54
"6063",0
"6065",8602068.96
"6067",5265660.22
"6069",3848.44
"6071",6018818.73
"6073",4970707.05
"6075",9726481
"6077",1063923.45
"6079",217268.59
"6081",6119197.65
"6083",370353.25
"6085",10776685.68
"6087",450124.74
"6089",294183.45
"6091",19391.52
"6093",80570.88
"6095",1279236.01
"6097",711525.85
"6099",530629.16
"6101",70077.7
"6103",157612.9
"6105",1410.23
"6107",778784.18
"6109",31130.15
"6111",5314037.94
"6113",340548.34
"6115",37681.18
"8001",3344981.62
"8003",56697.6
"8005",4793169.5
"8007",142149
"8009",11136
"8013",899022.78
"8014",189264.35
"8015",58318.18
"8017",0
"8019",0
"8021",14784.54
"8023",19427.83
"8025",1302.38
"8027",16850.76
"8029",55194.62
"8031",5506578.95
"8035",1734737.48
"8037",736918.7
"8039",60089.97
"8041",4494014.82
"8043",30130.93
"8045",376592.41
"8047",13774.05
"8049",21548.7
"8051",23808.83
"8053",9764.03
"8055",23216.8
"8059",5567225.81
"8061",1743.28
"8063",0
"8065",0
"8067",127819.25
"8069",1459905.49
"8071",38939.03
"8073",31889.61
"8075",18201.44
"8077",1174033.41
"8081",1697.02
"8083",66969.16
"8085",135353.54
"8087",171958.59
"8089",12775.22
"8091",6818.21
"8093",1693.5
"8097",813796.97
"8099",42919.33
"8101",1838105.5
"8103",183669.64
"8105",27482.11
"8107",30955.43
"8109",32451.31
"8111",0
"8113",62326.6
"8115",5938.9
"8117",231787.54
"8119",35478.42
"8121",39020.12
"8123",1366662.32
"8125",10982.52
"9001",4797049.92
"9003",6312760.77
"9005",248289.68
"9007",586264.77
"9009",2429312.93
"9011",1984508.6
"9013",147847.39
"9015",213493.31
